<?xml version="1.0" encoding="UTF-8"?>
<project xmlns="http://www.netbeans.org/ns/project/1">
    <type>org.netbeans.modules.apisupport.project</type>
    <configuration>
        <data xmlns="http://www.netbeans.org/ns/nb-module-project/3">
            <code-name-base>org.sleuthkit.autopsy.modules.authenticode</code-name-base>
            <suite-component/>
            <module-dependencies>
                <dependency>
                    <code-name-base>org.openide.awt</code-name-base>
                    <build-prerequisite/>
                    <compile-dependency/>
                    <run-dependency>
                        <implementation-version/>
                    </run-dependency>
                </dependency>
                <dependency>
                    <code-name-base>org.openide.nodes</code-name-base>
                    <build-prerequisite/>
                    <compile-dependency/>
                    <run-dependency>
                        <implementation-version/>
                    </run-dependency>
                </dependency>
                <dependency>
                    <code-name-base>org.openide.util</code-name-base>
                    <build-prerequisite/>
                    <compile-dependency/>
                    <run-dependency>
                        <implementation-version/>
                    </run-dependency>
                </dependency>
                <dependency>
                    <code-name-base>org.openide.util.lookup</code-name-base>
                    <build-prerequisite/>
                    <compile-dependency/>
                    <run-dependency>
                        <implementation-version/>
                    </run-dependency>
                </dependency>
                <dependency>
                    <code-name-base>org.sleuthkit.autopsy.core</code-name-base>
                    <build-prerequisite/>
                    <compile-dependency/>
                    <run-dependency>
                        <release-version>10</release-version>
                        <implementation-version/>
                    </run-dependency>
                </dependency>
            </module-dependencies>
            <public-packages>
                <package>org.sleuthkit.autopsy.modules.authenticode</package>
            </public-packages>
            <class-path-extension>
                <runtime-relative-path>ext/commons-codec-1.9.jar</runtime-relative-path>
                <binary-origin>release/modules/ext/commons-codec-1.9.jar</binary-origin>
            </class-path-extension>
            <class-path-extension>
                <runtime-relative-path>ext/jsign-1.3-SNAPSHOT.jar</runtime-relative-path>
                <binary-origin>release/modules/ext/jsign-1.3-SNAPSHOT.jar</binary-origin>
            </class-path-extension>
        </data>
    </configuration>
</project>
